alpha,threshold_mean,threshold_std,threshold_min,threshold_max,match_type
0.001,0.99979043,2.3329114e-05,0.9997691,0.99983233,exact
0.005,0.99983376,8.218568e-06,0.9998199,0.99986196,exact
0.01,0.9998495,5.513484e-06,0.99984,0.9998692,exact
0.02,0.99986786,5.141995e-06,0.99985516,0.9998815,exact
0.05,0.99988985,3.2969829e-06,0.9998822,0.9998972,exact
0.1,0.9999076,2.1785395e-06,0.9999023,0.9999138,exact
0.15,0.9999174,1.4378193e-06,0.99991405,0.99992085,exact
0.2,0.9999245,1.3189741e-06,0.99992085,0.9999275,exact
